seed;pattern;best fractionary solution;best integer solution;status;time
306;[[0, 0, 4, 3, 4, 3], [3, 1, 2, 3, 2, 1], [1, 1, 2, 2, 5, 5], [0, 2, 2, 4, 4, 0], [0, 4, 0, 5, 4, 5], [0, 5, 3, 3, 0, 5], [5, 1, 1, 3, 3, 5], [0, 1, 2, 0, 1, 2], [2, 1, 2, 1, 4, 4], [4, 3, 5, 3, 4, 5]];None;1672;Feasible;62.25273394584656
33;[[2, 4, 2, 3, 4, 3], [0, 0, 2, 5, 2, 5], [1, 1, 3, 3, 5, 5], [4, 1, 5, 1, 4, 5], [0, 1, 2, 0, 1, 2], [5, 2, 2, 4, 4, 5], [3, 5, 4, 3, 4, 5], [0, 3, 0, 3, 4, 4], [0, 1, 1, 3, 3, 0], [0, 1, 2, 2, 0, 1]];None;1430;Feasible;63.251200437545776
690;[[4, 1, 3, 3, 4, 1], [3, 5, 4, 3, 4, 5], [0, 0, 5, 3, 3, 5], [0, 2, 2, 0, 5, 5], [1, 1, 2, 4, 4, 2], [2, 4, 2, 3, 4, 3], [0, 3, 0, 3, 4, 4], [0, 1, 1, 5, 0, 5], [0, 1, 2, 1, 2, 0], [5, 1, 2, 2, 1, 5]];None;1764;Feasible;62.35049486160278
89;[[0, 0, 2, 3, 2, 3], [5, 4, 2, 2, 4, 5], [2, 1, 2, 3, 3, 1], [3, 1, 5, 3, 1, 5], [0, 5, 3, 3, 0, 5], [4, 2, 2, 5, 4, 5], [0, 3, 4, 3, 4, 0], [0, 1, 0, 1, 4, 4], [0, 1, 1, 0, 5, 5], [1, 1, 2, 4, 4, 2]];None;2164;Feasible;63.6244752407074
966;[[3, 1, 5, 3, 1, 5], [2, 1, 2, 1, 4, 4], [0, 4, 3, 3, 4, 0], [0, 0, 2, 3, 3, 2], [5, 3, 2, 3, 2, 5], [1, 1, 2, 2, 5, 5], [4, 1, 1, 3, 4, 3], [0, 1, 4, 0, 4, 1], [0, 5, 0, 4, 4, 5], [0, 2, 2, 5, 0, 5]];None;1701;Feasible;62.828909158706665
