seed;pattern;best fractionary solution;best integer solution;status;time
306;[[4, 1, 2, 1, 4, 2], [5, 3, 2, 3, 2, 5], [0, 0, 4, 5, 4, 5], [0, 1, 5, 0, 1, 5], [2, 1, 2, 3, 3, 1], [0, 2, 2, 3, 0, 3], [0, 4, 2, 2, 4, 0], [0, 5, 0, 4, 4, 5], [1, 1, 3, 3, 4, 4], [3, 1, 1, 3, 5, 5]];None;1631;Feasible;7206.884670495987
33;[[0, 0, 2, 5, 2, 5], [2, 4, 2, 3, 4, 3], [4, 1, 3, 3, 4, 1], [0, 1, 5, 1, 0, 5], [1, 1, 2, 4, 4, 2], [0, 2, 2, 0, 4, 4], [0, 3, 4, 3, 4, 0], [0, 5, 0, 3, 3, 5], [3, 1, 1, 3, 5, 5], [5, 1, 2, 2, 1, 5]];None;1396;Feasible;7207.191568851471
690;[[2, 1, 2, 5, 1, 5], [0, 0, 2, 4, 4, 2], [0, 3, 4, 3, 4, 0], [5, 4, 3, 3, 4, 5], [0, 1, 0, 1, 5, 5], [0, 1, 2, 2, 0, 1], [0, 5, 2, 0, 2, 5], [3, 2, 2, 3, 4, 4], [4, 1, 1, 3, 4, 3], [1, 1, 5, 3, 3, 5]];None;1752;Feasible;7207.834552049637
89;[[0, 0, 2, 4, 4, 2], [0, 4, 5, 0, 4, 5], [0, 1, 2, 1, 2, 0], [2, 1, 2, 3, 3, 1], [3, 2, 2, 3, 5, 5], [5, 3, 4, 3, 4, 5], [0, 5, 2, 2, 0, 5], [0, 1, 0, 3, 1, 3], [4, 1, 1, 5, 4, 5], [1, 1, 3, 3, 4, 4]];None;2061;Feasible;7208.222860336304
966;[[4, 1, 2, 1, 4, 2], [1, 1, 2, 5, 2, 5], [5, 1, 1, 3, 3, 5], [0, 3, 5, 3, 0, 5], [0, 0, 3, 3, 4, 4], [0, 4, 2, 2, 4, 0], [2, 1, 2, 3, 1, 3], [3, 2, 2, 3, 5, 5], [0, 5, 0, 4, 4, 5], [0, 1, 4, 0, 4, 1]];None;1699;Feasible;7208.162793636322
