,pattern,best fractionary solution,best integer solution,status,time
306,,,,Time Limit,1.2019362449645996
33,,,,Time Limit,2.0692601203918457
690,,,,Time Limit,5.40647029876709
89,,,,Time Limit,7.015447378158569
966,,,,Time Limit,8.33402681350708
