seed;pattern;best fractionary solution;best integer solution;status;time
937;[[2, 2, 2, 3, 0, 1], [1, 3, 2, 0, 0, 0], [1, 2, 3, 0, 1, 1], [2, 3, 3, 3, 1, 0]];381.875;383.0;Optimal;70.446852684021
547;[[2, 0, 1, 3, 3, 3], [2, 2, 2, 1, 3, 0], [0, 0, 2, 3, 1, 0], [0, 2, 1, 1, 1, 3]];1116.0000000000007;1175.0;Optimal;132.109037399292
279;[[2, 1, 0, 3, 3, 3], [1, 1, 1, 2, 3, 0], [2, 2, 1, 2, 0, 3], [1, 2, 0, 3, 0, 0]];721.0;721.0;Optimal;142.79836797714233
433;[[1, 3, 3, 3, 0, 2], [2, 1, 3, 0, 2, 2], [1, 1, 1, 3, 2, 0], [2, 3, 1, 0, 0, 0]];921.0;929.0;Optimal;159.71739768981934
910;[[1, 0, 2, 3, 1, 1], [2, 2, 2, 0, 3, 1], [2, 0, 0, 0, 1, 3], [1, 2, 0, 3, 3, 3]];770.0;772.0;Optimal;160.47042202949524
