seed;pattern;best fractionary solution;best integer solution;status;time
279;[[0, 0, 0, 2, 1, 3], [3, 0, 2, 2, 2, 1], [3, 3, 0, 1, 2, 3], [0, 3, 2, 1, 1, 1]];714.0;715.0;Optimal;180.800466299057
547;[[0, 0, 0, 3, 1, 2], [0, 2, 3, 3, 3, 1], [2, 2, 0, 1, 3, 2], [2, 0, 3, 1, 1, 1]];1068.0;1115.0;Optimal;282.03101110458374
433;[[1, 1, 3, 0, 2, 1], [3, 1, 0, 0, 0, 2], [1, 3, 0, 2, 2, 2], [3, 3, 3, 2, 0, 1]];906.7499999999999;917.0;Optimal;382.1411452293396
910;[[1, 1, 1, 0, 2, 3], [1, 3, 0, 2, 2, 2], [3, 3, 1, 2, 0, 3], [3, 1, 0, 0, 0, 2]];766.0;772.0;Optimal;1049.1273622512817
937;[[1, 1, 1, 0, 3, 2], [1, 0, 0, 0, 2, 3], [2, 0, 1, 3, 2, 2], [2, 1, 0, 3, 3, 3]];381.5;389.0;Optimal;1348.5726261138916
