seed;pattern;best fractionary solution;best integer solution;status;time
547;[[2, 0, 1, 3, 3, 3], [2, 2, 2, 1, 3, 0], [0, 0, 2, 3, 1, 0], [0, 2, 1, 1, 1, 3]];1116.0000000000007;1175.0;Optimal;106.9324746131897
279;[[2, 1, 0, 3, 3, 3], [1, 1, 1, 2, 3, 0], [2, 2, 1, 2, 0, 3], [1, 2, 0, 3, 0, 0]];721.0;721.0;Optimal;109.98895955085754
910;[[1, 0, 2, 3, 1, 1], [2, 2, 2, 0, 3, 1], [2, 0, 0, 0, 1, 3], [1, 2, 0, 3, 3, 3]];770.0;772.0;Optimal;120.51151990890503
433;[[1, 3, 3, 3, 0, 2], [2, 1, 3, 0, 2, 2], [1, 1, 1, 3, 2, 0], [2, 3, 1, 0, 0, 0]];921.0;929.0;Optimal;121.23165702819824
937;[[2, 2, 2, 3, 0, 1], [1, 3, 2, 0, 0, 0], [1, 2, 3, 0, 1, 1], [2, 3, 3, 3, 1, 0]];381.875;383.0;Optimal;93.69341969490051
