,pattern,best fractionary solution,best integer solution,status,time
279,"[[0, 0, 3, 2, 1, 0], [3, 0, 2, 1, 1, 1], [0, 3, 2, 2, 2, 1], [3, 3, 3, 1, 2, 0]]",,715.0,Optimal,0.8465356826782227
433,"[[0, 0, 0, 3, 1, 2], [0, 2, 3, 1, 1, 1], [2, 2, 0, 1, 3, 2], [2, 0, 3, 3, 3, 1]]",,914.0,Optimal,0.9695737361907959
547,"[[0, 0, 0, 3, 1, 2], [0, 2, 3, 1, 1, 1], [2, 2, 0, 1, 3, 2], [2, 0, 3, 3, 3, 1]]",,1115.0,Optimal,0.7399280071258545
910,"[[1, 3, 0, 0, 0, 2], [1, 1, 3, 0, 2, 1], [3, 1, 0, 2, 2, 2], [3, 3, 3, 2, 0, 1]]",,772.0,Optimal,1.177793264389038
937,"[[0, 0, 1, 2, 3, 0], [1, 1, 1, 3, 2, 0], [0, 1, 3, 2, 2, 2], [1, 0, 3, 3, 3, 2]]",,383.0,Optimal,1.4692456722259521
