seed;pattern;best fractionary solution;best integer solution;status;time
279;[[0, 0, 3, 2, 1, 0], [3, 0, 2, 1, 1, 1], [0, 3, 2, 2, 2, 1], [3, 3, 3, 1, 2, 0]];None;715.0;Optimal;1.1201941967010498
433;[[0, 0, 0, 3, 1, 2], [0, 2, 3, 1, 1, 1], [2, 2, 0, 1, 3, 2], [2, 0, 3, 3, 3, 1]];None;914.0;Optimal;1.3150687217712402
547;[[0, 0, 0, 3, 1, 2], [0, 2, 3, 1, 1, 1], [2, 2, 0, 1, 3, 2], [2, 0, 3, 3, 3, 1]];None;1115.0;Optimal;0.7908048629760742
910;[[1, 3, 0, 0, 0, 2], [1, 1, 3, 0, 2, 1], [3, 1, 0, 2, 2, 2], [3, 3, 3, 2, 0, 1]];None;772.0;Optimal;1.4954886436462402
937;[[0, 0, 1, 2, 3, 0], [1, 1, 1, 3, 2, 0], [0, 1, 3, 2, 2, 2], [1, 0, 3, 3, 3, 2]];None;383.0;Optimal;2.0339927673339844
