seed;pattern;best fractionary solution;best integer solution;status;time
279;[[0, 0, 3, 2, 1, 0], [3, 0, 2, 1, 1, 1], [0, 3, 2, 2, 2, 1], [3, 3, 3, 1, 2, 0]];None;715.0;Optimal;1.488175630569458
433;[[0, 0, 0, 3, 1, 2], [0, 2, 3, 1, 1, 1], [2, 2, 0, 1, 3, 2], [2, 0, 3, 3, 3, 1]];None;914.0;Optimal;1.6384546756744385
547;[[0, 0, 0, 3, 1, 2], [0, 2, 3, 1, 1, 1], [2, 2, 0, 1, 3, 2], [2, 0, 3, 3, 3, 1]];None;1115.0;Optimal;1.0782160758972168
910;[[1, 3, 0, 0, 0, 2], [1, 1, 3, 0, 2, 1], [3, 1, 0, 2, 2, 2], [3, 3, 3, 2, 0, 1]];None;772.0;Optimal;1.7017138004302979
937;[[0, 0, 1, 2, 3, 0], [1, 1, 1, 3, 2, 0], [0, 1, 3, 2, 2, 2], [1, 0, 3, 3, 3, 2]];None;383.0;Optimal;2.5654900074005127
