seed;pattern;best fractionary solution;best integer solution;status;time
306;[[1, 3, 0, 0, 0, 5, 0, 0, 4, 2], [1, 1, 0, 4, 2, 1, 1, 5, 3, 1], [4, 2, 5, 2, 2, 1, 0, 3, 2, 2], [3, 3, 4, 2, 0, 3, 5, 3, 3, 1], [4, 2, 4, 4, 4, 3, 1, 0, 4, 5], [3, 1, 5, 0, 4, 5, 5, 5, 2, 5]];None;1820.0;Time Limit;61.49761128425598
33;[[2, 0, 0, 3, 5, 1, 0, 4, 0, 0], [1, 4, 1, 1, 2, 1, 3, 5, 0, 1], [2, 2, 5, 1, 2, 2, 2, 3, 4, 0], [4, 0, 1, 3, 3, 2, 3, 3, 3, 5], [4, 4, 0, 5, 3, 4, 2, 4, 4, 1], [1, 2, 5, 5, 5, 4, 0, 5, 3, 5]];None;1538.0;Time Limit;60.65076923370361
690;[[2, 0, 0, 0, 5, 4, 0, 0, 1, 3], [3, 0, 4, 1, 1, 1, 5, 2, 1, 1], [2, 2, 0, 3, 4, 2, 2, 2, 5, 1], [3, 4, 5, 3, 1, 2, 0, 3, 3, 3], [5, 4, 4, 1, 4, 4, 2, 0, 3, 4], [5, 2, 5, 0, 5, 1, 5, 3, 5, 4]];None;1868.0;Time Limit;62.56223726272583
89;[[0, 1, 3, 2, 0, 0, 0, 4, 5, 0], [1, 1, 1, 5, 4, 1, 1, 2, 3, 0], [1, 3, 2, 2, 5, 4, 0, 2, 2, 2], [5, 3, 3, 4, 0, 1, 3, 3, 3, 2], [0, 4, 1, 4, 4, 4, 3, 4, 2, 5], [5, 4, 2, 5, 5, 0, 1, 3, 5, 5]];None;2258.0;Time Limit;62.04997730255127
966;[[1, 2, 0, 0, 4, 5, 3, 0, 0, 0], [1, 1, 2, 0, 1, 1, 5, 1, 3, 4], [3, 2, 2, 2, 5, 1, 2, 2, 4, 0], [3, 3, 0, 4, 1, 3, 3, 2, 3, 5], [5, 1, 4, 4, 4, 3, 2, 0, 4, 4], [5, 3, 4, 2, 5, 5, 5, 1, 0, 5]];None;1821.0;Time Limit;62.285076379776
