seed;pattern;best fractionary solution;best integer solution;status;time
279;[[1, 2, 0, 3, 3, 3], [0, 2, 2, 2, 3, 1], [0, 1, 0, 2, 0, 3], [1, 1, 2, 3, 0, 1]];806.0;806.0;Time Limit;60.05553126335144
433;[[2, 3, 1, 0, 0, 0], [2, 1, 3, 2, 2, 0], [1, 1, 1, 2, 0, 3], [1, 3, 3, 0, 2, 3]];947.9999999999999;953.0;Time Limit;60.093215465545654
547;[[0, 2, 1, 3, 0, 0], [3, 1, 2, 3, 3, 0], [3, 1, 1, 2, 0, 1], [0, 2, 2, 2, 3, 1]];1231.454545454545;1279.0;Time Limit;60.09013509750366
910;[[0, 1, 0, 0, 3, 2], [1, 1, 1, 0, 2, 3], [1, 3, 0, 2, 2, 2], [0, 3, 1, 2, 3, 3]];784.0000000000001;794.0;Time Limit;60.240485429763794
937;[[0, 2, 1, 3, 0, 0], [3, 1, 2, 3, 3, 0], [0, 1, 1, 1, 3, 2], [3, 2, 2, 1, 0, 2]];419.3333333333335;487.0;Time Limit;60.06533217430115
