seed;pattern;best fractionary solution;best integer solution;status;time
547;[[3, 2, 0, 1, 1, 1], [2, 2, 2, 0, 3, 1], [3, 0, 2, 1, 3, 3], [2, 0, 0, 0, 1, 3]];1133.4999999999998;1196.0;Optimal;149.7843668460846
279;[[1, 2, 0, 3, 3, 3], [1, 1, 1, 3, 0, 2], [2, 1, 0, 0, 0, 3], [2, 2, 1, 0, 3, 2]];723.0;723.0;Optimal;160.50623083114624
433;[[1, 3, 0, 2, 2, 2], [1, 1, 1, 2, 0, 3], [3, 3, 1, 0, 2, 3], [3, 1, 0, 0, 0, 2]];891.0;917.0;Optimal;164.67685055732727
910;[[0, 3, 1, 2, 0, 0], [1, 1, 1, 3, 0, 2], [0, 1, 3, 2, 2, 2], [1, 3, 3, 3, 2, 0]];774.0;774.0;Optimal;229.14102935791016
937;[[2, 3, 0, 1, 1, 1], [2, 2, 2, 0, 1, 3], [3, 2, 0, 0, 0, 1], [3, 3, 2, 1, 0, 3]];389.0;389.0;Optimal;236.32913303375244
