seed;pattern;best fractionary solution;best integer solution;status;time
335;None;inf;None;Time Limit;7205.871487379074
376;None;4607.818631884851;None;Time Limit;7232.224686861038
397;None;5409.33667769395;None;Time Limit;7205.040144920349
504;None;4823.516254445256;None;Time Limit;7219.688376426697
55;None;5070.012861926576;None;Time Limit;7211.211572647095
