seed;pattern;best fractionary solution;best integer solution;status;time
306;None;1850.317280588622;None;Time Limit;7224.917093992233
33;None;1606.0859531694457;None;Time Limit;7208.894070625305
690;None;1908.1982394963227;None;Time Limit;7205.194818496704
89;None;2433.9589681632706;None;Time Limit;7208.2218105793
